categoria_eufonia,bpm_tempo,energia,valencia_positiva,acustica,instrumental
Fase_Alfa_Induccion,63.516299466994724,0.4572702431277769,0.467982847241738,0.7339823682959398,0.7635535856237251
Fase_Alfa_Induccion,96.79352082459158,0.5428637917245485,0.6585304934791433,0.40061767627198286,0.9211881798931139
Fase_Alfa_Induccion,69.29253936140633,0.4922879549415108,0.6076281223563316,0.8540135404658352,0.727426371944911
Fase_Alfa_Induccion,90.47911310111095,0.39198198443885024,0.5783916703755064,0.6994410679561187,0.8731244190177678
Fase_Alfa_Induccion,78.40465097060667,0.5307634749245009,0.5764821140784485,0.17960660353798277,0.8526631939446649
Fase_Alfa_Induccion,74.37596413625725,0.5992556914323806,0.47159917049148076,0.35277409072964383,0.6634550653065533
Fase_Alfa_Induccion,85.15600367109445,0.5171348428347655,0.5475908737009697,0.6323333571832241,0.9669633593243137
Fase_Alfa_Induccion,78.44304765196209,0.5726644951792073,0.6297130369165796,0.2920862166781011,0.6941935350685151
Fase_Alfa_Induccion,72.35439372550202,0.5181794941216484,0.6105437417576824,0.4191828541125101,0.8784411461824955
Fase_Alfa_Induccion,75.43695585737431,0.32663879729511863,0.38925845774728596,0.8973058639665983,0.7978202498749554
Fase_Alfa_Induccion,79.51178069883763,0.3250641452929075,0.7437235690201296,0.4263435233569427,0.8885774805939368
Fase_Alfa_Induccion,71.20225021248511,0.3392588143516438,0.6564773571940848,0.6150305988996003,0.9475888703749311
Fase_Alfa_Induccion,81.44376444734723,0.42723616306524587,0.7239369047111208,0.6607968664446856,0.8948196483794469
Fase_Alfa_Induccion,88.50986811975899,0.6535047405098728,0.9690724489085769,0.38092127792585706,0.7771093995213373
Fase_Alfa_Induccion,79.12525264074141,0.35577923315442145,0.48390269121876345,0.8308818780475627,0.895147658408649
Fase_Alfa_Induccion,74.31667869315955,0.4471735598089571,0.7107356153541939,0.7955185095094391,0.9933943310482094
Fase_Alfa_Induccion,91.03384498795285,0.40577057845626313,0.7131884328113515,0.6371270032743649,0.5962729145679709
Fase_Alfa_Induccion,83.82261336041938,0.45204875258949717,0.529342015981336,0.1489069354747862,0.9584575525292436
Fase_Alfa_Induccion,94.54801537030428,0.5783302755415004,0.5271927695024237,0.1477731366997168,0.9054297736077059
Fase_Alfa_Induccion,66.43255788763861,0.35547448690853545,0.5873962466830775,0.13447052942930393,0.850709874341092
Fase_Alfa_Induccion,76.3832688572974,0.28805823567023414,0.5096764582025446,0.3396554010096011,0.6015471538585869
Fase_Alfa_Induccion,85.88770355162993,0.3117794473322727,0.8094007966523586,0.6617713046685237,0.8742481195381856
Fase_Alfa_Induccion,82.26881673616494,0.4763262845874489,0.6309745233553382,0.8108703353504939,0.8887703222874344
Fase_Alfa_Induccion,69.94576655180387,0.35206797388711386,0.5832230587584875,0.7774555850760285,0.7909629201417612
Fase_Alfa_Induccion,87.05812179118489,0.3607718477707688,0.5613666109092217,0.5626891896587843,0.5519647732308747
Fase_Alfa_Induccion,74.4172010614939,0.31050810467048606,0.4985581004436818,0.43971498911306595,0.6673096386898894
Fase_Alfa_Induccion,66.55619616854518,0.3555944273044347,0.6160709189367357,0.42244013193306296,0.9218810456740338
Fase_Alfa_Induccion,66.42374033221822,0.4860629709000269,0.5519314671060663,0.7372292471521995,0.9519693795150459
Fase_Alfa_Induccion,82.54746344420766,0.4280487820573524,0.3553243137058708,0.7635387115920131,0.6029356597788639
Fase_Alfa_Induccion,90.13626534647611,0.4585130182206893,0.7366603204515866,0.5052709480237239,0.5897033562109357
Fase_Alfa_Induccion,59.80406536314022,0.6220298950994795,0.5183524834361217,0.3110646332264245,0.5265829209110475
Fase_Alfa_Induccion,105.83811411504314,0.21307024144228415,0.5308871301120623,0.42584370967970187,0.7946416502973357
Fase_Alfa_Induccion,69.14507007426086,0.25741781926511553,0.5444254866144037,0.262983071926789,0.6412628154848565
Fase_Alfa_Induccion,83.36948770244138,0.5217279207060357,0.6344422684046432,0.8718356502308826,0.9341714751835652
Fase_Alfa_Induccion,74.27201016613165,0.4331878985228464,0.8017463335702826,0.875214583951128,0.703424105467541
Fase_Alfa_Induccion,88.60371075634905,0.39739210911159506,0.44444015454140384,0.71164625275834,0.7987148585480167
Fase_Alfa_Induccion,89.83841325331957,0.5215508857635102,0.6766248229190588,0.3824393816026769,0.8734050528171887
Fase_Alfa_Induccion,89.44967691822146,0.565790557574566,0.5419164785423691,0.32489369880468233,0.9516550418887841
Fase_Alfa_Induccion,74.90517929623859,0.6033762413731929,0.7356549274401261,0.4275467991307246,0.8129377490082934
Fase_Alfa_Induccion,73.22483666376529,0.5012894124350763,0.7284925730029729,0.35736032730362666,0.6809222947430345
Fase_Alfa_Induccion,79.63162629329439,0.5896038878609485,0.6077572814844805,0.6783223539916152,0.6750687381637184
Fase_Alfa_Induccion,79.39512399909574,0.3909437889443568,0.5777243088450641,0.5164086354434645,0.9616363275536627
Fase_Alfa_Induccion,74.88189336627835,0.4306619991843017,0.5077362728504379,0.47890000753707307,0.5855793416725693
Fase_Alfa_Induccion,62.88066549361439,0.3389135532338239,0.6553245788330501,0.8428455888628344,0.6139816870794577
Fase_Alfa_Induccion,94.21352254130755,0.33627940061277545,0.6904003934495332,0.15440637820316488,0.5952967592997689
Fase_Alfa_Induccion,71.28869318422943,0.40776675599149137,0.5305443121625254,0.8011289042107678,0.8574907880012526
Fase_Alfa_Induccion,87.81206790263283,0.46215352310039337,0.798347722256242,0.2645561627796049,0.9771506365496143
Fase_Alfa_Induccion,78.2666142012481,0.35962537905959124,0.7120573446006395,0.3095001551273525,0.6766532453102381
Fase_Alfa_Induccion,87.8831379071727,0.5150373883385989,0.5763515858270778,0.8218279052559665,0.525081382712553
Fase_Alfa_Induccion,90.52723293148418,0.6008043582414543,0.62816845521477,0.8699090028187495,0.6822336906502021
Fase_Alfa_Induccion,67.96232464285802,0.5193221354030888,0.6728787666851574,0.4907354883654408,0.573374273314613
Fase_Alfa_Induccion,83.28815541627728,0.34874354705754845,0.726465471988657,0.8957372614578211,0.9663855638191392
Fase_Alfa_Induccion,91.99099238559282,0.377823371278902,0.6184018462466089,0.20568675463663838,0.5923558105111888
Fase_Alfa_Induccion,78.765963858281,0.23098424429473605,0.5692329753634255,0.8576564500580883,0.8535302717623348
Fase_Alfa_Induccion,82.65514762355254,0.383150721548579,0.5457314829674692,0.5408821258002235,0.714258426387399
Fase_Alfa_Induccion,67.28182080728185,0.5954034980216159,0.619835043645334,0.5354151329255283,0.8944684643457324
Fase_Alfa_Induccion,80.57845051311467,0.4847003445564304,0.5923302066497067,0.21635856656652974,0.5472382227898076
Fase_Alfa_Induccion,86.36952234015807,0.33666690154202106,0.7935972863387677,0.648710796415658,0.7574908369111177
Fase_Alfa_Induccion,70.77883291654054,0.4473974728302168,0.5911586710428248,0.23017100858686074,0.6065304682382859
Fase_Alfa_Induccion,67.93203634116823,0.2655923457371709,0.6299520724911448,0.3246154681862106,0.6824135744364286
Fase_Alfa_Induccion,70.7340773299992,0.28896201946493205,0.7481034858050871,0.7608007032615529,0.5697197420640584
Fase_Alfa_Induccion,77.56341521777935,0.492248467042434,0.5666991187384409,0.30415267481105357,0.8401391252286312
Fase_Alfa_Induccion,87.37904509253565,0.36290839687792664,0.4308187056437244,0.4474643380480111,0.60708168731254
Fase_Alfa_Induccion,96.39616769845175,0.43627650847782196,0.5229325352831868,0.6060675695878632,0.9306477822421566
Fase_Alfa_Induccion,70.42901121057133,0.5726028245692801,0.5734886076500023,0.5380877754565514,0.6840600552685239
Fase_Alfa_Induccion,73.6628443298247,0.5641683399040125,0.6358105931222006,0.6121473077969728,0.8202404772068599
Fase_Alfa_Induccion,66.27585289310488,0.34507080810530116,0.6145331830660632,0.669484082495208,0.935649602002967
Fase_Alfa_Induccion,72.55764359033103,0.2878666723287929,0.6601444599594938,0.6129386210755221,0.9599555700895606
Fase_Alfa_Induccion,80.58328796015589,0.3585930495973883,0.45998767416356645,0.7708183143285326,0.9056621050855089
Fase_Alfa_Induccion,69.50293992419519,0.39617654893534304,0.5721707649169764,0.7977639149139047,0.9393394559706105
Fase_Alfa_Induccion,90.99173822321958,0.31162907563356357,0.4966061738871309,0.753125921083807,0.5956659830592379
Fase_Alfa_Induccion,84.76328107615045,0.3030715083685552,0.7027745145438473,0.1906501118884495,0.7983372632623376
Fase_Alfa_Induccion,70.60871243573125,0.3589676948439867,0.5915807411210486,0.7796627801032371,0.9140090066480051
Fase_Alfa_Induccion,81.10438358445724,0.2790207376738333,0.6699653074210641,0.7656188517635281,0.7986893926683052
Fase_Alfa_Induccion,88.72622135630041,0.38625835348925286,0.7903761357010488,0.28860451793325925,0.5078078518841906
Fase_Alfa_Induccion,86.73211215255954,0.3951193325137044,0.6703881981415907,0.27417625712889215,0.6678723224078611
Fase_Alfa_Induccion,75.15943153216554,0.4291904022055971,0.6636982326290819,0.8901353486123028,0.5727623318595307
Fase_Alfa_Induccion,99.896530047174,0.4764182928042971,0.6059571779774463,0.8455235174023644,0.7687522607581798
Fase_Alfa_Induccion,91.32065583268695,0.13540505498534178,0.5355337170556206,0.16412347588764586,0.9181295569425934
Fase_Alfa_Induccion,71.41906330572891,0.544373287102675,0.6840751883273906,0.10738377479530535,0.8165540918914225
Fase_Alfa_Induccion,89.2844729635271,0.3982352924598121,0.561129786054403,0.8194445493431981,0.9784522253144448
Fase_Alfa_Induccion,76.52425252446669,0.3013879242069861,0.6568354929631359,0.6237685148062778,0.9039863043198857
Fase_Alfa_Induccion,90.05418529888543,0.5316890844645161,0.5450548570461963,0.8033087184896622,0.6581956454850766
Fase_Alfa_Induccion,78.49848931050947,0.5358151402067649,0.6484597375314199,0.32548357716338894,0.6580373228983952
Fase_Alfa_Induccion,83.72788334891895,0.4299927666735144,0.44275421940753035,0.4109385089425356,0.7099850203555449
Fase_Alfa_Induccion,83.82512249983976,0.30610841012220064,0.5968622244749346,0.2721828781638561,0.6254150834674244
Fase_Alfa_Induccion,85.24396688408444,0.31247570305066236,0.4900209180091938,0.511380808051812,0.9923083582595729
Fase_Alfa_Induccion,86.98172894550471,0.30384043522491444,0.5428617672558006,0.15989333891979804,0.9107535506886484
Fase_Alfa_Induccion,73.27884515499939,0.4006077701300599,0.6033015005433615,0.8992450197883524,0.5559303682407677
Fase_Alfa_Induccion,86.6552484348347,0.37768852894486205,0.8288253762195761,0.1447945851034108,0.589584438174217
Fase_Alfa_Induccion,76.05500433173465,0.2931816360412139,0.5651532357516555,0.17973787952342885,0.7261754004713656
Fase_Alfa_Induccion,90.2540985664548,0.3679843648205224,0.5960952217178966,0.6825683161503205,0.924226220707754
Fase_Alfa_Induccion,83.59027357777519,0.41751012030478274,0.7187983367831199,0.25499118531528076,0.716259798214439
Fase_Alfa_Induccion,89.83867049085255,0.407020769779031,0.5659702912403939,0.6872635159560507,0.6264593595926262
Fase_Alfa_Induccion,68.4844752862306,0.32108831206390576,0.5541050626726255,0.850705140115654,0.7883888188871961
Fase_Alfa_Induccion,67.58202084492765,0.4465410377242339,0.569454919357346,0.12796537454934917,0.7411953826756528
Fase_Alfa_Induccion,90.21867480444287,0.6167188007257407,0.6153677116720329,0.4649176542273973,0.9340021011660147
Fase_Alfa_Induccion,95.36536074148518,0.3803068994980522,0.6347718142809688,0.1510961711375498,0.6055980123846522
Fase_Alfa_Induccion,81.11212903039595,0.2759358020027377,0.6448057708743018,0.23259325330491515,0.9183058242357806
Fase_Alfa_Induccion,81.14171908117235,0.3317282523693235,0.7709165848493732,0.4922273915183887,0.7261035468376308
Fase_Alfa_Induccion,76.85885939513685,0.4072149930630637,0.6947256219104421,0.814875758267731,0.7665909402195563
Fase_Alfa_Induccion,89.44598206886582,0.392952617839306,0.6803937843564813,0.46882007690904304,0.9436454269994557
Fase_Alfa_Induccion,82.97549565418046,0.33811929181839373,0.6193643175076524,0.3093448805186543,0.9166624223556277
Fase_Alfa_Induccion,75.0664433511258,0.5778537576661005,0.35849923950345675,0.18288410783899184,0.5466079882743559
Fase_Alfa_Induccion,87.63308971073124,0.5984231302551664,0.5304410536468205,0.5901254922521062,0.9368746576889364
Fase_Alfa_Induccion,82.04174968045899,0.3852757261219561,0.6139776442104901,0.6129524342804458,0.9704547526258143
Fase_Alfa_Induccion,94.16783126874876,0.40844138057467044,0.5982860016133016,0.4427343955412101,0.9640634209728876
Fase_Alfa_Induccion,83.6166299969172,0.3764417869493203,0.6921779301151665,0.7700717546639454,0.7230987897985741
Fase_Alfa_Induccion,73.96347178643428,0.4712724267653924,0.3665665847407216,0.2519808863816725,0.9937315640878068
Fase_Alfa_Induccion,80.93228621227432,0.3592882920360376,0.6514700470788011,0.8255979223167348,0.8634305393027539
Fase_Alfa_Induccion,61.59976266689263,0.5155040441912669,0.4831330895003246,0.3038192931141288,0.7609570973744569
Fase_Alfa_Induccion,77.33493157803339,0.5884975274090367,0.7659030602910835,0.5127194459396415,0.993522243820115
Fase_Alfa_Induccion,70.16443017509006,0.31054579324704557,0.6781263864817768,0.24616399376854192,0.9064150028687008
Fase_Alfa_Induccion,80.73960946762926,0.4442046541958415,0.6746910296200166,0.6348349005362639,0.5408795159453208
Fase_Alfa_Induccion,89.01063684374037,0.32953327240296326,0.5886568547922671,0.5796128070306638,0.5716555981475437
Fase_Alfa_Induccion,85.13806861947663,0.4043092430779772,0.8044234908840824,0.15335024599827138,0.7552993376575482
Fase_Alfa_Induccion,90.74673475743914,0.27174669663980994,0.4948563971800579,0.44415298818265636,0.5365207523079611
Fase_Alfa_Induccion,82.76613206930145,0.3301670137038702,0.7631387029858823,0.16862673957817115,0.7083657687914927
Fase_Alfa_Induccion,87.02407434165666,0.39585810920283243,0.5804423422031081,0.8263100735547845,0.6860149885109035
Fase_Alfa_Induccion,90.8743510627194,0.49235620744788067,0.45067631488640847,0.11817618692023944,0.8185061486803089
Fase_Alfa_Induccion,71.33756619479286,0.49154460693272284,0.5443351220071136,0.35003828708757767,0.7886893200687782
Fase_Alfa_Induccion,70.28797625196616,0.49504987784940035,0.7766644353141364,0.2532448506313135,0.7369477131544333
Fase_Alfa_Induccion,80.71646327527361,0.5208443911779896,0.4710747543933089,0.6101262761794698,0.9669583456412172
Fase_Alfa_Induccion,88.81017778031136,0.32245333633955525,0.8502887891427648,0.17028523530769712,0.7069312964415123
Fase_Alfa_Induccion,72.77857478295525,0.3191008212297608,0.6699387985279666,0.5184475625925792,0.9600612006075937
Fase_Alfa_Induccion,85.5420910701654,0.2785134393479096,0.5312684639199745,0.2527068710619276,0.5136583464924137
Fase_Alfa_Induccion,80.88575136238477,0.33925801704432934,0.5957303490468577,0.12097601405412926,0.767988116683927
Fase_Alfa_Induccion,76.4742857694245,0.2645120684940586,0.6404578075920259,0.8264489343053807,0.6913592975648102
Fase_Alfa_Induccion,100.35985549927834,0.433285403652097,0.5733996902888686,0.3507886679470278,0.8432625177826787
Fase_Alfa_Induccion,79.40712956840274,0.4090769452078645,0.6053800314316551,0.23901539181874673,0.7307508571314314
Fase_Alfa_Induccion,79.55346112028974,0.40543425879962647,0.5195331780489004,0.1999479609703556,0.8964816506979619
Fase_Alfa_Induccion,80.8145992277171,0.45798747738600354,0.6277761853027416,0.710220914582929,0.736813803376511
Fase_Alfa_Induccion,89.03450492541825,0.3514535628741623,0.7024770373758844,0.2155741498427351,0.7345358533072632
Fase_Alfa_Induccion,85.30220136018102,0.29743788947396455,0.6330885961473874,0.48774862424961074,0.6495951831155764
Fase_Alfa_Induccion,81.84874549250715,0.24579900492326479,0.6851693730087195,0.3932328386959262,0.8004517809090603
Fase_Alfa_Induccion,88.84968925461399,0.38959809889647806,0.665791363560498,0.24193287243080414,0.6383650956068136
Fase_Alfa_Induccion,102.76452385859216,0.29499603322359813,0.564241848761377,0.7538770307512495,0.814473481525779
Fase_Alfa_Induccion,78.29148773570883,0.5165732308727407,0.6332433478457339,0.14351123435201965,0.7689366584142903
Fase_Alfa_Induccion,89.33457003110928,0.4943051346507218,0.6531300183237058,0.649315020817472,0.7949351887325422
Fase_Alfa_Induccion,66.01943748447734,0.38249354770464583,0.604100746090546,0.7049225305383267,0.5226597036265946
Fase_Alfa_Induccion,65.41817731408416,0.5262702740942774,0.48041468881753546,0.7497154841402368,0.8453862702444288
Fase_Alfa_Induccion,65.85050669754133,0.40680242885886453,0.5802550204546171,0.7816549503760895,0.5269744287298285
Fase_Alfa_Induccion,89.46840829622937,0.34473280751265317,0.45648902935662317,0.19428087810708636,0.9412000745177478
Fase_Alfa_Induccion,80.9538942870648,0.3358633341753019,0.7726785346622896,0.17869102532291167,0.9567987896892802
Fase_Alfa_Induccion,72.82170699461548,0.2125621281362268,0.36312423742484845,0.7182654605174589,0.7969216590877608
Fase_Alfa_Induccion,86.03942606297605,0.3117701119140201,0.7736891792450319,0.19594085544656023,0.9797830721751506
Fase_Alfa_Induccion,88.80185960642912,0.36853443077250697,0.6453192967958595,0.5650433883227234,0.5147308367160041
Fase_Alfa_Induccion,81.20106490374857,0.34888753277071066,0.7590697193122028,0.2555987348474809,0.8457921166104279
Fase_Alfa_Induccion,76.98877548990572,0.3577497861092065,0.6384147307345245,0.44360115110293474,0.5475752589528557
Fase_Alfa_Induccion,72.53306073535946,0.23298735130473833,0.6224299607569207,0.49471427094001796,0.7760019808070315
Fase_Alfa_Induccion,94.92856371259458,0.5318443636098307,0.6125908992211773,0.12787300871259327,0.6036112792002282
Fase_Alfa_Induccion,75.56170296669595,0.37813746170321794,0.6115593184967483,0.8797410888994601,0.8370856105627023
Fase_Alfa_Induccion,84.45723911651224,0.4186265974843053,0.6914219849303812,0.45856057277240514,0.5373555818130515
Fase_Alfa_Induccion,87.62731091942577,0.34546674443083314,0.5750036041415201,0.583520409021307,0.7332813932650073
Fase_Alfa_Induccion,67.80541972160651,0.2820065801780042,0.5480926656389524,0.8336273962636552,0.7129336287211762
Fase_Alfa_Induccion,88.39333027356257,0.31666911683776255,0.7578080400437168,0.11283454377844704,0.961330452614813
Fase_Alfa_Induccion,66.82670854276293,0.34397961680281225,0.5204239504720858,0.6921961311415916,0.6405842847360053
Fase_Alfa_Induccion,71.00457186878032,0.4133006291903841,0.4374468560879543,0.7474237106233618,0.8483422447308087
Fase_Alfa_Induccion,82.23056876572194,0.3654737549702172,0.6860500508954603,0.6350073003291123,0.8067382675305224
Fase_Alfa_Induccion,84.21831545879776,0.23855769650547526,0.7783089861937165,0.6528143741488206,0.7157557315126989
Fase_Alfa_Induccion,75.93858782482323,0.3715821942107848,0.8315227924511852,0.7987032642348803,0.5084643106460187
Fase_Alfa_Induccion,86.43859598556399,0.3694408502269876,0.7181299792502692,0.7319204112835711,0.5041517838155198
Fase_Alfa_Induccion,93.64871723185712,0.3896347137047648,0.41222722437738646,0.41363466400286875,0.6358286870441854
Fase_Alfa_Induccion,74.64844225421025,0.3834198652382728,0.7712895447586915,0.7010315346233167,0.5890556015836996
Fase_Alfa_Induccion,57.98500647107768,0.4013757649544163,0.5459138022969598,0.20525325114824267,0.682908210875996
Fase_Alfa_Induccion,80.79167783297119,0.3190693323873147,0.7759918078601472,0.14546508833454147,0.8069962132803259
Fase_Alfa_Induccion,78.0312401657242,0.272054356953799,0.4098263736527675,0.4862704834646945,0.6706355069744755
Fase_Alfa_Induccion,84.85673106690864,0.4730140887964462,0.4889012562694318,0.599175519613993,0.9174546657795957
Fase_Alfa_Induccion,93.75262143271905,0.5081656555081988,0.4618922264099449,0.8139147654191311,0.6194328242324996
Fase_Alfa_Induccion,69.81582427478827,0.4373804961718767,0.7174774721136525,0.8226841112063198,0.8785444834497809
Fase_Alfa_Induccion,83.28902548085614,0.48117175214662344,0.6788109166112358,0.13607800005456225,0.8086974524809898
Fase_Alfa_Induccion,72.23151201936618,0.34099599260721036,0.6058141486011075,0.6379414514266983,0.6745040232875652
Fase_Alfa_Induccion,86.51515523145831,0.341091284029322,0.5177333368058298,0.2969290359845457,0.6746894528100578
Fase_Alfa_Induccion,80.0525158378905,0.4248007358605851,0.5494571202360768,0.34935752158699784,0.5108877880016034
Fase_Alfa_Induccion,81.57027374409503,0.3816255738523578,0.5947678653088092,0.7175131115168524,0.8160375750340979
Fase_Alfa_Induccion,83.37487772377077,0.37030703033987883,0.6449828294113967,0.35094763839575305,0.8361432840084699
Fase_Alfa_Induccion,85.29427900191033,0.38044684876175655,0.42682635083975473,0.19835990759019478,0.67528215338591
Fase_Alfa_Induccion,61.11468614229088,0.4182602404382399,0.6816074451281022,0.5535725134230245,0.5246176135690124
Fase_Alfa_Induccion,83.36482006620292,0.26401280773549735,0.5362625070091906,0.7715346889437555,0.9103306395478558
Fase_Alfa_Induccion,84.64920149533128,0.5887925549630573,0.6078284350501901,0.11926430127167134,0.8838186130033032
Fase_Alfa_Induccion,77.6923501409029,0.437131851650976,0.7092620052481862,0.46962210353135647,0.9176769701624541
Fase_Alfa_Induccion,99.08172298870869,0.43632011789356007,0.7930800740076807,0.7205259656374853,0.6656659876569704
Fase_Alfa_Induccion,107.08958206918034,0.5559350136503483,0.6305599896890749,0.383870973542603,0.7689303985248817
Fase_Alfa_Induccion,68.86349715914218,0.2987956441359875,0.6662559355459765,0.8444171374044473,0.6019967286388503
Fase_Alfa_Induccion,93.77420374048243,0.38921563617373856,0.6773854844316838,0.6321656851677326,0.5558165794261142
Fase_Alfa_Induccion,81.86872752936644,0.6167647168823145,0.6046578966523372,0.37233504975347886,0.8463812788703486
Fase_Alfa_Induccion,78.9764892683884,0.400640467422162,0.5141762547086096,0.7986974363210637,0.6941032107284223
Fase_Alfa_Induccion,76.25160830007158,0.30179415084748396,0.6757807717582609,0.7785531584614672,0.5551038093566728
Fase_Alfa_Induccion,88.39605135977872,0.20228674558045778,0.4908110397136002,0.7820380534450252,0.9120486011637976
Fase_Alfa_Induccion,98.96008632936375,0.3420661000380215,0.5982575815738875,0.18743994851539034,0.9750169051119537
Fase_Alfa_Induccion,96.88521292553227,0.4308547963173386,0.5954340042114744,0.20182905648612107,0.9864862233422096
Fase_Alfa_Induccion,102.50086410839876,0.4619780197848138,0.6076276984926477,0.7898574249805752,0.81284840874904
Fase_Alfa_Induccion,74.64960959018161,0.3806055476839808,0.6406599505355706,0.1678211670219107,0.6454389012010944
Fase_Alfa_Induccion,84.14273372808279,0.26943286048276427,0.5120641525170018,0.5426852998753745,0.93411932921396
Fase_Alfa_Induccion,80.67176076998825,0.5901101561423036,0.7805128299062118,0.46508055027436435,0.8248266269654358
Fase_Alfa_Induccion,67.59586178721462,0.32498040201889605,0.7693885621912706,0.34049627710140373,0.5725748730592168
Fase_Alfa_Induccion,68.13215489991913,0.3526180983475463,0.5138838968524092,0.6235126043166785,0.5494599506838852
Fase_Alfa_Induccion,90.78991286798427,0.497093128827529,0.5318534144551174,0.5641203074842431,0.5808165280291083
Fase_Alfa_Induccion,83.81513781752015,0.34580426176098805,0.5456388007328836,0.5637648737354183,0.9053272018947708
Fase_Alfa_Induccion,60.95699154551708,0.34800207498858365,0.5894881878119023,0.17608865974583854,0.5472961858089127
Fase_Theta_Carga,59.28765425715303,0.22516002471321536,0.5663234353700273,0.19884825769040948,0.6317893345377781
Fase_Theta_Carga,59.9113904243016,0.21216411720500344,0.5310676945649385,0.37130401595439655,0.5458724002925859
Fase_Theta_Carga,49.45953752066921,0.2080615001253202,0.3886434076297439,0.5659421830831578,0.608684858709345
Fase_Theta_Carga,62.37012165292357,0.16952170881341244,0.46381854280760537,0.5150471284787416,0.6097991184662807
Fase_Theta_Carga,71.7935892995541,0.24209333069380573,0.7913315690265352,0.35763988555177806,0.8088139817017157
Fase_Theta_Carga,56.83332308339462,0.10726047603224752,0.28351619139512646,0.8240706667326235,0.8608155511230186
Fase_Theta_Carga,65.37907622960252,0.21754816325399273,0.5939284870245929,0.3763407235064834,0.8984864367641898
Fase_Theta_Carga,60.66165420910232,0.1891012744882699,0.4948084094736219,0.7335848847960614,0.7393640582926995
Fase_Theta_Carga,61.99506977087664,0.2625303850388618,0.5212315597707555,0.8911278317910479,0.5060953721037424
Fase_Theta_Carga,60.81612745918324,0.2236595223852028,0.4061403480615321,0.8793692997774685,0.9204840524122176
Fase_Theta_Carga,57.96052090169933,0.23185921582830205,0.5357003660715385,0.7241005318364125,0.5796105212555394
Fase_Theta_Carga,56.761390624097935,0.12523652706260213,0.5045345979952283,0.805852646294475,0.9674839276052096
Fase_Theta_Carga,73.6467825290762,0.1126996199109143,0.637036359973651,0.34187909740391503,0.669272373514612
Fase_Theta_Carga,43.31058497318206,0.20063602207041747,0.6515776467832639,0.2540837643515963,0.5119909629289041
Fase_Theta_Carga,67.2230840698009,0.27743485658056777,0.6031811737210642,0.8087342162594061,0.7287853674471352
Fase_Theta_Carga,45.94614844583549,0.22390067558897223,0.5256091886942827,0.3566636994098479,0.7082278680433652
Fase_Theta_Carga,56.74003547821007,0.1821636464349325,0.5506477410442836,0.7980545058468022,0.6312745316875261
Fase_Theta_Carga,55.53918987065744,0.12252093185479057,0.5493052469866707,0.703428867448186,0.699943996591939
Fase_Theta_Carga,61.63015673738171,0.18413805063283262,0.39196588355244366,0.5569873361663713,0.9565287117151093
Fase_Theta_Carga,55.19932487231609,0.27603842325651456,0.3510983711549257,0.25621533964015597,0.7859650816098764
Fase_Theta_Carga,57.94353010247873,0.1840396312323052,0.4678138375044777,0.8152865597259161,0.5307528000109898
Fase_Theta_Carga,61.60439056104253,0.22110556489134411,0.5725411365288797,0.4428204069217214,0.8006248355270638
Fase_Theta_Carga,62.0195985412777,0.22969368681067887,0.3598473261901707,0.6486112809868092,0.8887954005457925
Fase_Theta_Carga,76.55263333179215,0.24047376783454524,0.5877810328466349,0.5670295231595985,0.9766893576450817
Fase_Theta_Carga,59.161235366938364,0.15213981293054515,0.43267316915655624,0.6565151696214568,0.6235742303891612
Fase_Theta_Carga,68.0920192642166,0.13198315706207733,0.27877390722613926,0.38092342440177374,0.7927363697052789
Fase_Theta_Carga,55.01213751441395,0.1657214060591473,0.5483974276992403,0.4813264590526658,0.9646527145028068
Fase_Theta_Carga,53.560541912561256,0.1799355209053956,0.5681264131423575,0.5628753062033062,0.9705471873458937
Fase_Theta_Carga,56.842164353296425,0.19608365380063017,0.6489462173257534,0.2792487038175403,0.9928203582781217
Fase_Theta_Carga,59.891746104901614,0.19354066853535204,0.5395327121893847,0.28041009726156974,0.5136007311635429
Fase_Theta_Carga,58.35253828447102,0.19427120768688994,0.5611879310286734,0.7979532522350496,0.7940235588171601
Fase_Theta_Carga,59.95714625106423,0.29523843033769775,0.54727293835707,0.2744975546610393,0.5829105640444521
Fase_Theta_Carga,61.336976185030466,0.14052229389860157,0.5672028780245341,0.35386736308384314,0.7014254952079733
Fase_Theta_Carga,61.565185076845225,0.2330317293024912,0.513127157143338,0.29746278152922156,0.5658638477115934
Fase_Theta_Carga,60.297722743867624,0.19837345426454236,0.642483492443789,0.6689603468911545,0.7381021334436049
Fase_Theta_Carga,56.387574647253565,0.17346746334350638,0.531139226028823,0.29763014691123574,0.9273347616488166
Fase_Theta_Carga,61.49217492684758,0.15700588065618942,0.42291999942539615,0.7327435236967443,0.9691929197078297
Fase_Theta_Carga,55.958902533376175,0.08962676663367797,0.3752218112147499,0.5912407477775617,0.9391061040042381
Fase_Theta_Carga,70.52907285211072,0.19460285462725865,0.44737868338523573,0.1833599909842506,0.8028495221017926
Fase_Theta_Carga,59.05423626025091,0.17431003240092283,0.5108709836859646,0.39577845547859625,0.610044055741525
Fase_Theta_Carga,64.0999386890664,0.18920495409964652,0.4410856243171878,0.4402152490698986,0.5257234410202987
Fase_Theta_Carga,57.83647709953786,0.13852747025502732,0.6068008182404803,0.8338031362791155,0.8839729926201496
Fase_Theta_Carga,59.65997237525737,0.21856864067281764,0.5672619824086843,0.8256623089162115,0.5882262827773214
Fase_Theta_Carga,60.11563391543237,0.14754493208357666,0.37158592524335654,0.6497339686849182,0.7997318676351736
Fase_Theta_Carga,62.076104454493176,0.1898992296483626,0.36981022828969323,0.34072710987311283,0.5303450744019318
Fase_Theta_Carga,62.04528829703974,0.147995167496062,0.5552856887868284,0.3293749736214632,0.7026905366251226
Fase_Theta_Carga,59.99934040019169,0.26625171433665995,0.4153988290304476,0.5633476079077703,0.6956067345987516
Fase_Theta_Carga,66.03601105040823,0.18391286317589844,0.43009831117591096,0.10696307749462496,0.548766091744622
Fase_Theta_Carga,58.47963390112677,0.17613500912515362,0.6268325358976682,0.5987316125297232,0.5526470693828308
Fase_Theta_Carga,69.51737087764505,0.20404563114449611,0.3818127439664424,0.2177216364052062,0.9417070990718059
Fase_Theta_Carga,55.5546369854925,0.1737618284152417,0.6969875291032761,0.2140233098873707,0.8725872842380665
Fase_Theta_Carga,58.781330582702815,0.12216631597794401,0.6000566568272383,0.8163683188763377,0.5379445962619583
Fase_Theta_Carga,59.805424062500755,0.17381647215404578,0.6869260283832208,0.7859789148171291,0.9009092342736051
Fase_Theta_Carga,63.94144336564807,0.16328205911634944,0.49114311710908437,0.7515144490523499,0.5093126843579996
Fase_Theta_Carga,65.12113009742932,0.20466538396755998,0.4053256019499186,0.5760958070871951,0.5282203175854294
Fase_Theta_Carga,62.94135638300743,0.207508865581407,0.590429466022687,0.44694002551894485,0.8047701670040384
Fase_Theta_Carga,61.133091024142665,0.24208188909451286,0.6096956214058844,0.28531063983475957,0.699336310460902
Fase_Theta_Carga,63.54942236697237,0.1653848799862354,0.6126555890170865,0.34777222988664547,0.876691991113699
Fase_Theta_Carga,60.32945663446882,0.24719681076235792,0.6389408079193147,0.17801814362690616,0.9499607651461469
Fase_Theta_Carga,59.70233321484743,0.19871238411513736,0.5279470441645322,0.17466053527494124,0.7758836350266425
Fase_Theta_Carga,52.36284844471615,0.11671026146905508,0.5798414088294991,0.8092801799668442,0.8955484246201109
Fase_Theta_Carga,61.436364096369175,0.1557373466317404,0.47184064043797974,0.8804176207102451,0.6406596644627965
Fase_Theta_Carga,49.79621805823207,0.1508042899612304,0.48129602601490834,0.14102156590214632,0.5150347399303354
Fase_Theta_Carga,58.24026599355527,0.18782659334986315,0.4289407685950422,0.45488198748606956,0.6902556432304543
Fase_Theta_Carga,62.35794138498915,0.23327129925760987,0.49317046798734787,0.6540198268334027,0.7973799103899881
Fase_Theta_Carga,57.61887182239266,0.16764546041576628,0.410971080986086,0.6913650331241191,0.6599767076485503
Fase_Theta_Carga,57.16196525523544,0.22868855795227547,0.48944465223661776,0.2592702173686461,0.6365382254924943
Fase_Theta_Carga,64.46465563657145,0.3055388066284316,0.6055393802587239,0.2282053598267889,0.7547958483003727
Fase_Theta_Carga,61.13774623151578,0.17256550120207825,0.5206949247241215,0.718665137352061,0.6746095136694394
Fase_Theta_Carga,59.78120090671128,0.20459461491345884,0.5605026049477504,0.14719008327801167,0.9322284725122367
Fase_Theta_Carga,62.68475652168651,0.2400927190168603,0.3870197882260377,0.8040445100603509,0.8724715735395532
Fase_Theta_Carga,61.92262698101366,0.201395145034489,0.49208936023853933,0.6306260021798133,0.6949434607617689
Fase_Theta_Carga,63.84231815646583,0.23809269248933593,0.52322612037552,0.5114323768248225,0.5804772918947227
Fase_Theta_Carga,60.40887664630668,0.189694096410002,0.5864082178300172,0.3241079677287546,0.9928564281712865
Fase_Theta_Carga,54.99367654568141,0.23053536044718492,0.577384500965039,0.22135838637839056,0.7142944257498303
Fase_Theta_Carga,58.47380409007191,0.17586293910076353,0.6871133482815134,0.33988007320444724,0.79665731465438
Fase_Theta_Carga,61.153469270184736,0.1950186510020395,0.6277783145760293,0.8692963376176683,0.6027245941193096
Fase_Theta_Carga,56.82141273148891,0.1826602884337185,0.4908366416279241,0.5121371183562066,0.7988097496155331
Fase_Theta_Carga,57.830927752082324,0.19512986469505963,0.4345100530095267,0.613692633932185,0.8926377049947667
Fase_Theta_Carga,52.538745950108556,0.18726297638748785,0.4219402445606281,0.4539091213435864,0.5728920905279438
Fase_Theta_Carga,53.17994718488504,0.11355826127031651,0.419339399158402,0.6633480043806919,0.6310155512583289
Fase_Theta_Carga,56.79897015212208,0.17224087120655096,0.5521448111974725,0.528001712287643,0.9055789669844116
Fase_Theta_Carga,61.99110921505678,0.2697695830271206,0.45116663681763963,0.5996905474324067,0.5105715475810473
Fase_Theta_Carga,55.179579511041865,0.21411755195167628,0.4308811564733688,0.8151210867732777,0.6443738542883312
Fase_Theta_Carga,64.38058261310721,0.24179509710147845,0.5069004563278366,0.35821984607626944,0.9413416426333466
Fase_Theta_Carga,75.6495343095305,0.2445014083400175,0.19893898659848935,0.5026954957873019,0.5712266289115441
Fase_Theta_Carga,56.82812706940378,0.17637055579627497,0.7555482647127314,0.11363715273128845,0.6777516644475232
Fase_Theta_Carga,61.98172493695207,0.18537362296200055,0.6631318317842215,0.18008574301278577,0.960161878802351
Fase_Theta_Carga,57.25445413328884,0.23102247303567017,0.6547755426724539,0.3583519621092962,0.76002280202019
Fase_Theta_Carga,56.30615648350737,0.29932417625080215,0.6058613389461207,0.274127476128852,0.7390648180689083
Fase_Theta_Carga,54.89927692549339,0.19074056081485838,0.4947713069241517,0.11310830479061905,0.6394847829515387
Fase_Theta_Carga,70.07546892532415,0.16500524699700359,0.4989213237775067,0.8360643069879609,0.8292422832795208
Fase_Theta_Carga,65.82488910842217,0.19208245048531808,0.4765239606838974,0.5713530111120976,0.6221474837416694
Fase_Theta_Carga,55.13196879295404,0.13098235628579688,0.5001903041762127,0.7438020080318464,0.7635197599515784
Fase_Theta_Carga,59.75633594481874,0.24498081454469584,0.5556703822840104,0.44270753518154615,0.8204167155003634
Fase_Theta_Carga,56.51840503608483,0.18475687557323803,0.4873829223645664,0.8001800690606236,0.651757615490671
Fase_Theta_Carga,62.6591810024553,0.17850904387386846,0.47355260624616907,0.4972312975875618,0.7915795265627146
Fase_Theta_Carga,55.7771954841887,0.18227815135368505,0.5357631536662365,0.5464554061847479,0.7424183893964966
Fase_Theta_Carga,69.09549842284754,0.12139589837815079,0.3011630723389765,0.4770586402448431,0.719841151881305
Fase_Theta_Carga,61.32879036835922,0.16009262093083004,0.5850360846171623,0.5716494417118907,0.7658793479767219
Fase_Theta_Carga,68.86233074835559,0.19584253228140497,0.33667948096904,0.49698610577909974,0.5262385212984364
Fase_Theta_Carga,68.17310177421567,0.2518999251696111,0.4200749311612627,0.46766403367936205,0.6004949379645671
Fase_Theta_Carga,58.23115580003388,0.19051903067825837,0.40360909101241876,0.489408765380395,0.906498292074815
Fase_Theta_Carga,64.85071711743723,0.2079534640225326,0.5625097420151399,0.4717570213544048,0.7720144295979146
Fase_Theta_Carga,58.056635382706574,0.16928858400980415,0.4951856913590845,0.8618713844937017,0.5518135626046736
Fase_Theta_Carga,58.26476334142382,0.1528249664650576,0.5872040506069061,0.5974170891592454,0.843587137525524
Fase_Theta_Carga,58.31667283024644,0.13106478044582887,0.4644763289996033,0.26785099128746404,0.9112725388969919
Fase_Theta_Carga,61.94411069554705,0.24330804784535734,0.4175674991678782,0.8032184110108526,0.8477151584739057
Fase_Theta_Carga,59.78979287652611,0.19907696148224407,0.415402942015737,0.41763033765671,0.5533687216096927
Fase_Theta_Carga,61.158594659729324,0.05231062850887025,0.48203603782116866,0.4390058311419318,0.5487361930224006
Fase_Theta_Carga,69.32476420337454,0.10600440255069783,0.367010942967419,0.39910667212325646,0.6388758405055419
Fase_Theta_Carga,52.38412537258193,0.18627559589686254,0.4029100389957265,0.5277203647525651,0.727216702630796
Fase_Theta_Carga,62.98859560083343,0.30339042014394024,0.4975591845385626,0.6810914346331233,0.9249600871544532
Fase_Theta_Carga,62.259843575499616,0.19575333446127277,0.6136833106123447,0.7935771177113334,0.5691399567146531
Fase_Theta_Carga,62.53385156299338,0.18441216296953558,0.5476564152050997,0.10999691782650585,0.7929877656381578
Fase_Theta_Carga,66.3550710741181,0.24664857811900692,0.5618339944818259,0.8597908792701764,0.7905676204287451
Fase_Theta_Carga,58.64799165443433,0.14887193501192308,0.44028857843896274,0.26900090561675355,0.7307159867303804
Fase_Theta_Carga,52.18138908439182,0.1798330462589124,0.6012907647647433,0.835031386501141,0.5765287351901344
Fase_Theta_Carga,56.32742559335009,0.18527627080567552,0.4636486946055758,0.20517670132043841,0.7463744326793014
Fase_Theta_Carga,58.86593106381518,0.21535392204803275,0.5521471638849172,0.47200190996989944,0.6860171695233135
Fase_Theta_Carga,55.38377010352181,0.16685569527341698,0.5249685300851479,0.14900839106742653,0.7719524723500479
Fase_Theta_Carga,57.88463941125324,0.28720783248581666,0.442779556384616,0.8665402034391922,0.9159849990186542
Fase_Theta_Carga,63.357596730361216,0.19333033995388688,0.5448845229665416,0.7593364287959022,0.9365191578704195
Fase_Theta_Carga,57.746735209290144,0.22655901706763112,0.42846261589545065,0.48970465797157403,0.6757974874580271
Fase_Theta_Carga,66.30397653552515,0.22453592374136744,0.6569131752671227,0.43418641976987304,0.6190058131822632
Fase_Theta_Carga,61.45041681726814,0.21363448432836565,0.49418428729762426,0.6313377326198734,0.6437732170514487
Fase_Theta_Carga,59.54793256238968,0.18802356839988313,0.7102044574365157,0.8734637005596259,0.6478425408423745
Fase_Theta_Carga,57.214425956117566,0.2281593151992355,0.5576089519344167,0.6160468592997396,0.8102897962638889
Fase_Theta_Carga,53.88231473116823,0.22862118978962315,0.4906222640635922,0.25890546971314904,0.5926434099314113
Fase_Theta_Carga,60.85726925904755,0.23171257096597603,0.526458310289981,0.8430263750982478,0.8841366799296595
Fase_Theta_Carga,63.881050704013866,0.19892904359560298,0.5448264096601335,0.8686624297232636,0.7417767223557309
Fase_Theta_Carga,63.206711299443946,0.12763009186467858,0.6183498769664406,0.3920264229977368,0.5663087600675283
Fase_Theta_Carga,56.07504558013708,0.2754695114173127,0.4702030450248067,0.6238513095159095,0.8720120535735891
Fase_Theta_Carga,50.71240046065314,0.18658666099927715,0.49036918238040716,0.7072170145215909,0.9909840638732946
Fase_Theta_Carga,62.26615907768709,0.226551734358097,0.5261882726319556,0.3217522962005003,0.6537709021609172
Fase_Theta_Carga,67.05274777058467,0.2483813057531146,0.6338368942461806,0.20034167708762265,0.7290938484417566
Fase_Theta_Carga,59.298805341723394,0.12249512465568373,0.48578629755610975,0.490145892621204,0.5178661184714003
Fase_Theta_Carga,61.50348693748307,0.1929203160946805,0.3840237294424438,0.10122158565428957,0.646666103638003
Fase_Theta_Carga,59.10611278648508,0.13595097764706632,0.4377850564688151,0.6539831483788325,0.5308921297320072
Fase_Theta_Carga,57.57264669702745,0.17105393449898199,0.42702390542979696,0.8149751909575316,0.5364952267041536
Fase_Theta_Carga,60.52357377285073,0.18014438845115607,0.4300659517205415,0.35714754583451225,0.895417812949888
Fase_Theta_Carga,59.01169205979598,0.2112275381722788,0.38168639561817047,0.18987813692080638,0.7796244591258132
Fase_Theta_Carga,57.1416114059063,0.13143952064351822,0.4673224267437875,0.6480465186139271,0.6451911068526631
Fase_Theta_Carga,53.18089330830607,0.21051592749283846,0.5867590804383094,0.7208695424178312,0.9484287717450455
Fase_Theta_Carga,64.92362535076316,0.10663903370034516,0.40223400335016485,0.2957628078300176,0.6744812556061555
Fase_Theta_Carga,61.967476127533345,0.2447737618125544,0.497541936725967,0.6873679611434776,0.6393757606639654
Fase_Theta_Carga,63.28401211067722,0.1938561159515659,0.6709785777885471,0.4883364889604336,0.9263236783642315
Fase_Theta_Carga,60.3704997555728,0.24122772261095932,0.5418390104779772,0.13966638332573425,0.9372283663860118
Fase_Theta_Carga,60.084572530770906,0.15231337913926113,0.665490055421601,0.16084570952547914,0.6708171589891847
Fase_Theta_Carga,68.4994866338344,0.24018694289467296,0.558672888785622,0.7623307830260998,0.8413818032863243
Fase_Theta_Carga,53.09092076300386,0.19829985290080385,0.5054732205533623,0.3191735570444002,0.8066409139004653
Fase_Theta_Carga,59.22894924879961,0.2015233331291121,0.5662226910285033,0.7070057526330932,0.6863133678639484
Fase_Theta_Carga,67.0484696435235,0.24344294570615124,0.5752849614544088,0.6672604569882745,0.747215647833485
Fase_Theta_Carga,57.42948454669476,0.2907451302309678,0.5567658299493449,0.21494390454310228,0.6238589811234628
Fase_Theta_Carga,58.925822362438375,0.13813979599470447,0.6279848357485868,0.4358385318678364,0.9284595170920882
Fase_Theta_Carga,60.44304778725006,0.17430566735874628,0.47628708554462373,0.18761098744022775,0.818316553332012
Fase_Theta_Carga,58.07768093490333,0.17944057120139867,0.6283573800705938,0.6844098454641244,0.522692363802664
Fase_Theta_Carga,59.58844254704632,0.1990111896603953,0.4273372061385613,0.3803849691426504,0.7515905231974208
Fase_Theta_Carga,61.73536919018184,0.1777168465762055,0.5232753013078218,0.8259454176908092,0.6295958248767288
Fase_Theta_Carga,54.639459860903884,0.08321880682616001,0.4242159906095655,0.6852574192654867,0.8995571635450434
Fase_Theta_Carga,60.05767295498263,0.15383280686507345,0.4961212822529259,0.38487215010872067,0.9258909040023041
Fase_Theta_Carga,58.16238896870414,0.21084778701086376,0.42203394864419186,0.46031719184951636,0.5873801758048343
Fase_Theta_Carga,62.79232977121339,0.1740708336836818,0.5619501102384974,0.5331891672052359,0.5817815521433702
Fase_Theta_Carga,64.5744654373124,0.1723778896662445,0.5491791440764956,0.8801524940046249,0.8037795748432757
Fase_Theta_Carga,63.813098083480455,0.20683966701857606,0.5404345177176519,0.3960598444135791,0.7407165744701987
Fase_Theta_Carga,61.007610203391906,0.27677655776480875,0.4623133367135012,0.153626914474091,0.9650513766561064
Fase_Theta_Carga,61.31602584378114,0.14756955329240914,0.4090972886466385,0.6916401921736848,0.8518059213713531
Fase_Theta_Carga,55.91723958592068,0.17102892329132333,0.399352016365723,0.22920084192482149,0.9140867082092581
Fase_Theta_Carga,64.4858429546197,0.16202213121939502,0.6462675842199452,0.5342289837122977,0.8118635757016726
Fase_Theta_Carga,66.88282632895739,0.18778494519137667,0.4251987114909196,0.8744963638499111,0.7482666003483942
Fase_Theta_Carga,68.12991313034254,0.21878663497057604,0.5519159639066368,0.21259615831513923,0.7727801969550311
Fase_Theta_Carga,53.377250324148626,0.31732648444817085,0.3853414887143027,0.8882739856871674,0.6129394472648065
Fase_Theta_Carga,58.74705491322021,0.20555425231790642,0.5359847981713328,0.19556934590113617,0.8124255586920417
Fase_Theta_Carga,54.21681366819404,0.1647553125965179,0.41557408243631155,0.43737148344499566,0.7171791993930123
Fase_Theta_Carga,51.414134867241906,0.20574504525783271,0.3995123484184409,0.4222565580916331,0.8851400807920111
Fase_Theta_Carga,48.84193952998821,0.20978977947622074,0.5171829557987639,0.20971645022725094,0.5778991836302381
Fase_Theta_Carga,63.756428594377404,0.19962778741020828,0.5842327409525956,0.5137810684161452,0.8737296421890254
Fase_Theta_Carga,58.18461386278301,0.2064139147564066,0.3961910021054905,0.2236706839588517,0.7607369821706857
Fase_Theta_Carga,61.63590222052735,0.2283264824991072,0.31486802491287436,0.19929711526467156,0.6430868249171763
Fase_Theta_Carga,56.36668502639347,0.2533983100454076,0.4698987739548112,0.6220122655497072,0.9721307191737392
Fase_Theta_Carga,57.960858587241766,0.21714455131941243,0.5172502087305384,0.41541893427089904,0.9026427960610801
Fase_Theta_Carga,56.96173556776604,0.20891848647810968,0.6079935523427057,0.4812426463509857,0.8531693663243991
Fase_Theta_Carga,55.293830257132136,0.19782075116620673,0.5224319804344333,0.3181660827144966,0.8550822651807177
Fase_Theta_Carga,60.63885710869893,0.18501829370861286,0.49144985470140684,0.5616146001128297,0.8205573815680487
Fase_Theta_Carga,62.36486395925526,0.18496272414877915,0.4015341337406385,0.18679746735208713,0.5924085455370274
Fase_Theta_Carga,54.47208589679316,0.1794866184192846,0.6285561457077504,0.10173313012367338,0.7413970766053996
Fase_Theta_Carga,59.46120521075889,0.27444008906131023,0.4107444978876779,0.29946870814780346,0.8078445663839979
Fase_Theta_Carga,67.5778949529665,0.13581200863822251,0.40260008371930905,0.22147745790611273,0.7577067975219272
Fase_Theta_Carga,66.76509317771055,0.22256508098648964,0.43825996113352916,0.7941471614362703,0.7802675674773198
Fase_Theta_Carga,50.91851541412706,0.240950236614732,0.6262931060963541,0.23875830764931374,0.521466560644497
Fase_Theta_Carga,54.43055428613244,0.2171275061474457,0.3661694425161497,0.43077120153689596,0.6267808748965331
Fase_Theta_Carga,66.8589900991303,0.2625684369310546,0.4455895531823603,0.10121646776335275,0.551818227517028
Fase_Theta_Carga,66.11385699858604,0.2197906793353529,0.5555151184893484,0.2460750190902978,0.8077581810794598
Fase_Theta_Carga,59.93580770209539,0.20488931496731908,0.589679434956683,0.21052195716378208,0.7881886226240137
Fase_Theta_Carga,54.780633036491,0.2089099034315051,0.30356648716905976,0.12132738475179412,0.9976938244065396
Fase_Theta_Carga,60.60934813040111,0.2392697565328563,0.5031274460451756,0.8458179502842839,0.9416864606640867
Fase_Theta_Carga,57.52479082654513,0.22406454449642102,0.5491312516960911,0.2755090962922949,0.9464264877867736
Fase_Theta_Carga,63.50340007761299,0.14319679588503254,0.5626952091811802,0.6318677169753555,0.546739267736952
Fase_Theta_Carga,58.75733627319367,0.33180422852688507,0.5884557139163942,0.6316635226126375,0.8322608521660824
Fase_Theta_Carga,59.156180778301135,0.17409857694241468,0.2751695850658115,0.7377446150970359,0.5610027414913803
Fase_Beta_Activacion,127.89755999964099,0.5737630802836808,0.7061517421787554,0.7711824123012935,0.9939754662869846
Fase_Beta_Activacion,141.734196522878,0.7115008614884647,0.7596924906385134,0.7877416674501626,0.6254581606756978
Fase_Beta_Activacion,114.37146333764731,0.7088804658434972,0.8084255412695389,0.1722221806291982,0.6761343551786116
Fase_Beta_Activacion,130.66491728344647,0.7868159736529281,0.6110060498146533,0.22033071846025154,0.7209289263818262
Fase_Beta_Activacion,143.42240308565056,0.5096481628441188,0.5380629187456364,0.5154506431059457,0.8197922448723252
Fase_Beta_Activacion,125.26008248652774,0.668647910369251,0.597179280015824,0.2746042714502299,0.5688265224899105
Fase_Beta_Activacion,134.7331512388801,0.5665717359731127,0.6740459085576728,0.5134594946888161,0.7929335200497973
Fase_Beta_Activacion,127.60435893535524,0.7078976109601406,0.7102645935756902,0.7274637976228853,0.7303512906390333
Fase_Beta_Activacion,128.3612416412212,0.7179389983527009,0.6028294111765072,0.2536288425166491,0.5688226118265511
Fase_Beta_Activacion,130.59196247684037,0.7739534996530995,0.756331554015325,0.8955837980369344,0.7771638955603073
Fase_Beta_Activacion,126.89000966293399,0.6870859787017374,0.4731174533150787,0.40769810443706656,0.935103731208407
Fase_Beta_Activacion,115.67699855926955,0.6156155817881755,0.5204072654076266,0.22763016138122405,0.9501137299312012
Fase_Beta_Activacion,116.74467706068985,0.7298385539668623,0.6999883855959502,0.8057318907045588,0.6203738025131884
Fase_Beta_Activacion,120.50402551914677,0.504001597915263,0.6920377765525936,0.1927315227295793,0.584377959663653
Fase_Beta_Activacion,124.74348938647894,0.7768062278072418,0.8121312935704851,0.15978223941342382,0.576519057799957
Fase_Beta_Activacion,104.19090708120015,0.6483752830374224,0.7304667180198307,0.31140706976142585,0.9751033196068843
Fase_Beta_Activacion,127.85806508922981,0.5998190630593287,0.7015180565754982,0.2385577876007826,0.8232942897693818
Fase_Beta_Activacion,119.80968186925057,0.6587516629347733,0.7485287108667966,0.31348963671316,0.8094379797743425
Fase_Beta_Activacion,131.04877778084176,0.6825308559153547,0.5564967275111041,0.8050477912282956,0.629296349927221
Fase_Beta_Activacion,146.94185340047093,0.5816979192232472,0.6329653119169785,0.301215898142772,0.9678896853287824
Fase_Beta_Activacion,133.41199299259534,0.4947003495905519,0.7266746261383964,0.6657055792446563,0.8400281483770207
Fase_Beta_Activacion,112.10036140891746,0.669934044163712,0.7695574172065303,0.4209276658541514,0.5674267918857345
Fase_Beta_Activacion,137.44674706069372,0.7121675369310562,0.6215281791160809,0.694954527785092,0.6419539050406172
Fase_Beta_Activacion,120.69029338006601,0.8459378965881833,0.6903290742645796,0.6160711621526469,0.6271346572425168
Fase_Beta_Activacion,116.67259665426087,0.6948970036877739,0.6079704349897381,0.7320005254920909,0.9519184595056913
Fase_Beta_Activacion,133.31914891890102,0.4720446431286174,0.8839171899180926,0.24198126906294581,0.8667577825713126
Fase_Beta_Activacion,126.05941477888929,0.7029797825161652,0.6323551495519008,0.8322024132165036,0.833691737624227
Fase_Beta_Activacion,117.04706976427431,0.5589122473135036,0.7573303257112985,0.18686236225952257,0.9066737770186762
Fase_Beta_Activacion,123.2594862322664,0.5682282530879793,0.6888451045765575,0.2406067511815934,0.9804676668065615
Fase_Beta_Activacion,135.76722809157963,0.693147530010219,0.7301801670296572,0.6483990570623456,0.8000619930740962
Fase_Beta_Activacion,135.22705010102592,0.6259769056776351,0.6892632874594927,0.1605497890656798,0.60577986284927
Fase_Beta_Activacion,123.15227668835131,0.8580418210136542,0.6783781473976155,0.6688184411653484,0.7754752390165311
Fase_Beta_Activacion,146.36142985443945,0.48747609334792885,0.7044424750291088,0.2589025433454314,0.7975802755732417
Fase_Beta_Activacion,122.52177797603804,0.546621689349272,0.7286441068648366,0.4962046131584382,0.6014732447219682
Fase_Beta_Activacion,139.64031094800467,0.6757578547407254,0.6540681551176106,0.5419084405690643,0.8805984484121294
Fase_Beta_Activacion,126.81790962382651,0.7224873468920184,0.6168301276402037,0.27743820735840174,0.9567278078315092
Fase_Beta_Activacion,116.20860733339751,0.5036564072941395,0.7916225518280533,0.5995810664943669,0.8454703416030546
Fase_Beta_Activacion,131.02029645022844,0.6144764952084804,0.682644997903788,0.7315294320860727,0.5198779233074506
Fase_Beta_Activacion,109.64601949849774,0.6153355953781383,0.8329615762670872,0.7909337991999722,0.8523584434185225
Fase_Beta_Activacion,127.87172306121886,0.6485774384567927,0.7896082721524589,0.2586134569421954,0.8835710780185826
Fase_Beta_Activacion,139.6710627592498,0.6791378081944413,0.7362873629960683,0.13425542655671885,0.7191295694431967
Fase_Beta_Activacion,115.00039851790451,0.6858447261889195,0.847447900513582,0.700546072694591,0.9671107296840807
Fase_Beta_Activacion,116.0531746013782,0.8464670387390322,0.7169500658494233,0.3054394813981156,0.6164319298295113
Fase_Beta_Activacion,124.80863973175903,0.7371858428792447,0.6289650863116616,0.18917106047017215,0.5565415348878459
Fase_Beta_Activacion,106.7938077110277,0.6299964713389452,0.7775827063982732,0.2508002817638404,0.6526408030681501
Fase_Beta_Activacion,122.66430199414333,0.9263546372900153,0.6742741974430762,0.4716982528024388,0.7919750062822968
Fase_Beta_Activacion,136.55102240323237,0.7975972527495684,0.6883797736601835,0.32659471579930743,0.7056433431870002
Fase_Beta_Activacion,120.36051243455974,0.5681733613566685,0.6328615375277065,0.5287962383126364,0.5730129967916249
Fase_Beta_Activacion,147.0175785096267,0.67538268230572,0.7598527566501504,0.12579089358391232,0.707397385044707
Fase_Beta_Activacion,115.28639206958772,0.5254703690955793,0.6890354702447925,0.47299114718873614,0.5150839670203657
Fase_Beta_Activacion,139.50112296284698,0.7383794779088219,0.6443935280196503,0.7850624625725355,0.8280421061099039
Fase_Beta_Activacion,122.95227353822969,0.799318240804973,0.7351764060692692,0.5084869288730124,0.5270388609327288
Fase_Beta_Activacion,119.79824981076753,0.8153238137723362,0.7242204111949382,0.5331502623171649,0.6278643109579773
Fase_Beta_Activacion,124.58613068786096,0.6876517185051304,0.8889375643883448,0.2091413344156731,0.6609154473014804
Fase_Beta_Activacion,132.11129922869938,0.7806302321491841,0.6815048872274981,0.7781675355938988,0.6748010514391907
Fase_Beta_Activacion,128.179657285109,0.8388164946053849,0.6907986300370483,0.32829909417203196,0.6253643194740486
Fase_Beta_Activacion,117.60688984462203,0.560063994803363,0.6381874741053812,0.16338494367074852,0.6079988709052683
Fase_Beta_Activacion,133.21952530981483,0.6610404815234527,0.7807733491766152,0.5111237869286411,0.7165047418305055
Fase_Beta_Activacion,128.59568206706928,0.7312840668872355,0.7862030614997352,0.22249710721305363,0.8967705917067625
Fase_Beta_Activacion,133.1224144149993,0.6765694149064508,0.675146609642885,0.20768266364309682,0.864341157575073
Fase_Beta_Activacion,124.6824068707419,0.8357609537556976,0.6320936939783071,0.7567981691444303,0.9524012578276415
Fase_Beta_Activacion,147.33749737408633,0.7303684493366884,0.5895806701934947,0.32280617186656335,0.8694605534130941
Fase_Beta_Activacion,118.27991436518987,0.6612488857607292,0.743224370776262,0.5740761003458968,0.9976784499117125
Fase_Beta_Activacion,144.74021192831935,0.5556250852067073,0.6014256540014681,0.2786017789733658,0.771296680140885
Fase_Beta_Activacion,129.2300129743662,0.5674901747691994,0.7826112765498126,0.3542488838586263,0.6192319872247122
Fase_Beta_Activacion,113.86636904202093,0.47332278471011174,0.6129792868683784,0.5100654719993313,0.5710581467636493
Fase_Beta_Activacion,130.32024012444813,0.6494115744732627,0.7576026747605059,0.38184202726440564,0.8368849557710893
Fase_Beta_Activacion,129.2326268661031,0.6743900991504632,0.6505743687218797,0.6874552552597575,0.5990424538086399
Fase_Beta_Activacion,122.72063042899349,0.7179981023063978,0.6039250257199787,0.7908183968814038,0.8190600804279473
Fase_Beta_Activacion,130.64714589723886,0.6702851291612414,0.8331381748630334,0.6363172098863745,0.803824357470537
Fase_Beta_Activacion,127.18206007165955,0.8630695379658232,0.6119209185151229,0.3926475079284649,0.6463048500526882
Fase_Beta_Activacion,138.6255585457151,0.8162920755638747,0.7412195226877989,0.4921341759745015,0.7458775032767868
Fase_Beta_Activacion,129.71959289381937,0.5383523739963234,0.5555954867755324,0.6688271157685015,0.8699745576761129
Fase_Beta_Activacion,116.62006307496252,0.6091427293369108,0.7267890980897496,0.479109695771752,0.5817361165110722
Fase_Beta_Activacion,124.503736387881,0.6854089323218344,0.6673177169855755,0.7892192017986048,0.8575895820775938
Fase_Beta_Activacion,136.466188353981,0.8131710027233047,0.6511654059212432,0.43235043069789203,0.7054974902117257
Fase_Beta_Activacion,136.08384098596818,0.848778115116904,0.6850844179510858,0.30773302233426403,0.95412079303554
Fase_Beta_Activacion,127.75832158202347,0.7181657889210543,0.5484008218730969,0.6487968582720247,0.6099824555029849
Fase_Beta_Activacion,112.99357477081973,0.8792904240351876,0.7991101681566191,0.5945878997761079,0.9372139999994651
Fase_Beta_Activacion,116.90586724185587,0.5811152477556345,0.6279524184754377,0.35579090988405104,0.9200792463754813
Fase_Beta_Activacion,120.39043642552924,0.6768097394989114,0.6573518873494141,0.3021960049144625,0.7115024041428462
Fase_Beta_Activacion,126.64716297570847,0.8481326846724834,0.5693956567691345,0.6130441626866109,0.5271793291559432
Fase_Beta_Activacion,129.51930043722047,0.7235444564603988,0.6513046060317838,0.3866589462298491,0.5291158051051437
Fase_Beta_Activacion,136.4814885470962,0.5426491305451062,0.738393204562927,0.110212083518703,0.901877140026661
Fase_Beta_Activacion,121.2881725792428,0.5886028905564057,0.5303487338250258,0.4444454518833355,0.8806384697977774
Fase_Beta_Activacion,118.38805210517995,0.7683398444758531,0.7210920109533856,0.6942826013090326,0.8217866444942139
Fase_Beta_Activacion,145.26203365006705,0.5771188041632422,0.8046988800317946,0.7530326785825567,0.6743106129696208
Fase_Beta_Activacion,109.57915653721108,0.7770637091427419,0.7029675793183163,0.8247820697984164,0.7890218081792365
Fase_Beta_Activacion,140.96507487065344,0.7354582603088473,0.467330816755662,0.7576954715248084,0.8089943524701562
Fase_Beta_Activacion,133.120158323909,0.6132466658289492,0.8506578162516438,0.18296313190995078,0.9097872244067129
Fase_Beta_Activacion,134.46610685924634,0.6097013731323067,0.8124751188387135,0.6644251457296945,0.6508427925224223
Fase_Beta_Activacion,112.68972165536266,0.8508937196297621,0.8917567509653233,0.5952719352135063,0.9044890969953588
Fase_Beta_Activacion,113.91965961972618,0.7213938671942035,0.8282031736379557,0.10121988983389354,0.6934036328025555
Fase_Beta_Activacion,131.3485764957021,0.8476419193107828,0.6167375370797087,0.7794286811166831,0.8023834726867154
Fase_Beta_Activacion,131.99110494134226,0.7461207311762132,0.7438935951642427,0.8719174796339652,0.8601091444486564
Fase_Beta_Activacion,126.24227542198544,0.6871475987186265,0.6847211074835893,0.46597949385575255,0.5722176839524171
Fase_Beta_Activacion,123.19665349491575,0.6682203123897169,0.9080289541370917,0.31519000208228026,0.7281661287149184
Fase_Beta_Activacion,118.7445580545546,0.7105123982579059,0.7774164621547133,0.1641871095499018,0.7134450246879013
Fase_Beta_Activacion,126.45532134572905,0.5456329847607638,0.5980313798587353,0.6663018541784815,0.8523172580580318
Fase_Beta_Activacion,149.44009003262838,0.797338434784054,0.7615878213034768,0.8163069230894354,0.6727921971795038
Fase_Beta_Activacion,139.49124283417663,0.6560031740855949,0.6401549465281039,0.42615691269668277,0.8696577992254895
Fase_Beta_Activacion,133.02474414804436,0.6312242459454771,0.6962753764891272,0.6492151296334028,0.8598066587324245
Fase_Beta_Activacion,115.93224215110034,0.786642705829283,0.5738179299272178,0.4384725786482844,0.8453371146811985
Fase_Beta_Activacion,125.14597951598333,0.7410078210659682,0.6215146037191901,0.7676770862830772,0.5371116619644163
Fase_Beta_Activacion,113.78648984872746,0.6104495634958854,0.6381694767135128,0.5389588033262365,0.9455964837808539
Fase_Beta_Activacion,129.74555479903216,0.6705474016919064,0.640542804282636,0.7914426760799257,0.6356498447532677
Fase_Beta_Activacion,115.76939089766674,0.7069606158231193,0.6552745421591666,0.7427470430264799,0.6006114343683121
Fase_Beta_Activacion,138.57964789353616,0.8324934914898694,0.6435130308417832,0.2109420974298388,0.5590135303906336
Fase_Beta_Activacion,135.55369537710342,0.6762675667566357,0.564531066360496,0.8729421529416491,0.5066024861354482
Fase_Beta_Activacion,103.32213636550024,0.7222896300595628,0.7182251123288511,0.7176373837982137,0.775897830701745
Fase_Beta_Activacion,124.0096331531433,0.8132826735512132,0.8277328708769431,0.8917212486816449,0.5457082784384434
Fase_Beta_Activacion,112.70016026729962,0.8409847291312587,0.9040783395109007,0.5156730556321322,0.649111812313393
Fase_Beta_Activacion,131.22292169952016,0.6791067819660384,0.8717772806354827,0.48658303988701135,0.8160796693721928
Fase_Beta_Activacion,114.53866203026496,0.630794883941117,0.606423659039488,0.7621329722909665,0.9218692722206461
Fase_Beta_Activacion,113.38006700961482,0.7907456473676814,0.6600523825780895,0.849838755312096,0.6906326877656825
Fase_Beta_Activacion,113.97674440733897,0.7187671522553805,0.5821256923377046,0.3980576856444453,0.8690046295982735
Fase_Beta_Activacion,131.47557301049173,0.5416252234282679,0.6391922250201362,0.47210027489568596,0.861187383042832
Fase_Beta_Activacion,122.72974850616049,0.5128824060909973,0.6785625906389563,0.3313410694513117,0.9164248290214678
Fase_Beta_Activacion,116.82743675989424,0.7521872994027072,0.5058450798696428,0.7278955227335999,0.533952345112576
Fase_Beta_Activacion,110.18516833798616,0.7613567025532884,0.6125487141960754,0.43886271720811443,0.6126790040890426
Fase_Beta_Activacion,126.63762259346395,0.6102613186602472,0.76067823698644,0.25350172681801675,0.7281859189781956
Fase_Beta_Activacion,109.74912460448117,0.773293553259753,0.7600262170358998,0.37164126857675794,0.7229573344939586
Fase_Beta_Activacion,121.20923307181627,0.5003265652119406,0.7202705188789426,0.4743909355786594,0.6331160389573698
Fase_Beta_Activacion,123.40055215525425,0.7633033171032448,0.8917688071198844,0.31310083289761687,0.7530316907885759
Fase_Beta_Activacion,133.90636414596034,0.6710354013410447,0.6869221771689661,0.25907149676868024,0.8636773373168984
Fase_Beta_Activacion,142.01753660320333,0.7136642638609045,0.6528200959395581,0.17990307675722841,0.7443208972159827
Fase_Beta_Activacion,137.6699250764925,0.6372626398055941,0.6451070752371717,0.12233366306050036,0.6715828421321195
Fase_Beta_Activacion,119.6096428618721,0.5665691685216536,0.6748463752336922,0.22823908892100367,0.5033268531575539
Fase_Beta_Activacion,120.8872070068037,0.4209220991799368,0.5581199595104835,0.35069883216593645,0.8682512636252495
Fase_Beta_Activacion,126.49498824241562,0.6605374098589905,0.7340381103334602,0.41979972865791504,0.938589457769111
Fase_Beta_Activacion,112.6163500791576,0.8429410622219774,0.7902123176093139,0.5559577660570956,0.8914549501058139
Fase_Beta_Activacion,120.84208253677134,0.8930873110905884,0.7179570139849978,0.12181918266080985,0.9403648366380654
Fase_Beta_Activacion,116.40096748959479,0.7638504890276718,0.6353445223230069,0.7247813334805442,0.9745997799267727
Fase_Beta_Activacion,130.57295952986868,0.7297248801179863,0.540908188026763,0.20397137986583225,0.8791192175647333
Fase_Beta_Activacion,117.78520322525412,0.6517876869828919,0.6130576023992206,0.45640533850738574,0.8219743463503266
Fase_Beta_Activacion,123.97938305775601,0.6996788397708364,0.8137410932166096,0.7352317905240753,0.8805099841808874
Fase_Beta_Activacion,126.35235357896418,0.8129449230440707,0.6721826352065781,0.3574493053639656,0.6386618346034725
Fase_Beta_Activacion,121.166441063056,0.8135807253928755,0.5893394187818886,0.3488274708673955,0.6217110545769997
Fase_Beta_Activacion,131.3607967645637,0.6905549873159382,0.6295116814836086,0.7940917671577719,0.6784253700979639
Fase_Beta_Activacion,120.21337961447028,0.5023151940783653,0.7467796158949606,0.3633264667132108,0.5580370141223177
Fase_Beta_Activacion,148.82344408404848,0.6828161506978256,0.7436318751882233,0.8747644353973808,0.747941914241939
Fase_Beta_Activacion,133.9662131531725,0.8090748765130562,0.7422607841809874,0.4637612709101159,0.7130804355384954
Fase_Beta_Activacion,136.77618601228346,0.794033310925238,0.7173903624153192,0.49801084454489186,0.9265963037422733
Fase_Beta_Activacion,129.26945834623936,0.598612780581167,0.6671812457736873,0.21115636269748075,0.5085161151509977
Fase_Beta_Activacion,113.6033407021439,0.733237901737846,0.5388718017626656,0.26283530676519373,0.6929370721756047
Fase_Beta_Activacion,123.1229447623153,0.6704848417321163,0.7340703154240181,0.7862248303491736,0.9649187645969047
Fase_Beta_Activacion,129.05429958622284,0.5695903624798535,0.6954263026356736,0.39704567008995395,0.6195526154443436
Fase_Beta_Activacion,130.94837210413505,0.7015379487249497,0.7478887734258104,0.11189591073892871,0.6926414346048413
Fase_Beta_Activacion,127.89894384007734,0.6350440626942474,0.7826729491335972,0.3264051937075293,0.6362833634340375
Fase_Beta_Activacion,120.06511548843822,0.6959637085916371,0.555146198783198,0.2456385001014333,0.5603542842911203
Fase_Beta_Activacion,116.03261946733255,0.7402025663983932,0.6550085542832862,0.24324195042395022,0.7912595057180627
Fase_Beta_Activacion,134.3322527881327,0.575087073707547,0.647663398482857,0.8602888469707638,0.7431511610252881
Fase_Beta_Activacion,113.13027423617032,0.5583426986181971,0.6192931593428178,0.31297118113746847,0.882418639588745
Fase_Beta_Activacion,121.74768062137684,0.7302605043910899,0.5441179753415306,0.5082830547002712,0.6639800811799492
Fase_Beta_Activacion,119.77943390904308,0.6506952184325304,0.4679369819197392,0.5333700475036088,0.9502657048356649
Fase_Beta_Activacion,110.65881666785285,0.7094241399407833,0.7877334832475803,0.7476265857743897,0.9463989302793567
Fase_Beta_Activacion,115.29745547979783,0.7836404672646664,0.7880511731835584,0.7256385443892331,0.9266011922781562
Fase_Beta_Activacion,116.57768971482359,0.6502369849784866,0.816504556483102,0.6566954503912619,0.893150451849798
Fase_Beta_Activacion,125.10738797723307,0.6486972454530852,0.7099464252686167,0.8652868602721565,0.7099370943891488
Fase_Beta_Activacion,133.561136897605,0.7070986551754377,0.7422612072594299,0.3758499957432181,0.7457377544681335
Fase_Beta_Activacion,105.64580111099578,0.7015218974243856,0.5036843822913406,0.7504079138868985,0.9345682087059936
Fase_Beta_Activacion,142.57362463419042,0.7508459023190156,0.8686426762494557,0.878955268916271,0.7544009652816317
Fase_Beta_Activacion,122.92945226697526,0.7277266536519562,0.7497140283973533,0.6196084978255312,0.68545084234904
Fase_Beta_Activacion,136.392463157647,0.570341526720586,0.76182698780135,0.504236461087699,0.9438725752061872
Fase_Beta_Activacion,125.59597121998718,0.7799385012440249,0.7127215498115074,0.8263393995884831,0.6293558579894909
Fase_Beta_Activacion,120.66736703792282,0.8385637731608151,0.6886467564984913,0.6029340910589506,0.9007356490797498
Fase_Beta_Activacion,118.09235162802146,0.6041995858697833,0.7076233690710962,0.7732439766530932,0.6890835568659022
Fase_Beta_Activacion,133.47349036261022,0.7616399165951371,0.6291648784818236,0.3304669625678667,0.549534599884556
Fase_Beta_Activacion,136.3453244347548,0.6438195006901453,0.7439685253894586,0.13915857325135716,0.5954672026744241
Fase_Beta_Activacion,127.5402759171883,0.5813188832723944,0.534732893199519,0.6465916014117435,0.6714923338329626
Fase_Beta_Activacion,120.85065070341447,0.6301687109664147,0.6780607464898395,0.49177612292883877,0.8041352184888771
Fase_Beta_Activacion,117.05678793414413,0.7659659333540072,0.6194581448088119,0.8227708384556319,0.5725795434999952
Fase_Beta_Activacion,134.9430607521955,0.6439598135117562,0.5689109517772111,0.4343761384091027,0.8330200822581206
Fase_Beta_Activacion,132.58361376032346,0.513421813551481,0.7972610441719651,0.3890520274398108,0.5596098275863404
Fase_Beta_Activacion,140.6798383996972,0.5309746757573522,0.724285695995535,0.34374917433066116,0.7008702514407099
Fase_Beta_Activacion,115.4163795294027,0.7311900592113809,0.6187154041611208,0.4102034055209408,0.6519106133029156
Fase_Beta_Activacion,131.6550630499716,0.6725375057654813,0.5577236922774633,0.2853179751312081,0.6346469832530528
Fase_Beta_Activacion,116.48454480009532,0.6474109599415677,0.6276157403047281,0.2357189611438879,0.6017756995803616
Fase_Beta_Activacion,131.3000457948485,0.6437761577337844,0.8747545273163996,0.5874951488924219,0.9720199772931386
Fase_Beta_Activacion,108.4720950917978,0.8347529408316292,0.7339753302745339,0.5305273486615508,0.6501585190618948
Fase_Beta_Activacion,127.56789883792759,0.5250415614523688,0.8484203415840569,0.7202751536626973,0.9082403431978967
Fase_Beta_Activacion,126.43662838816883,0.8368485029514126,0.642969837517082,0.5088818709357674,0.6967394294113629
Fase_Beta_Activacion,139.4401252278655,0.6748295991525568,0.6229694803728861,0.30907221311108046,0.6782920775110706
Fase_Beta_Activacion,135.74337429985857,0.7778423879349009,0.6541283325358737,0.3559248773729191,0.6231441894276284
Fase_Beta_Activacion,107.77008318487529,0.5744956115696366,0.6000266730453152,0.6677656647339428,0.8424518033257931
Fase_Beta_Activacion,126.08450100009556,0.7936333500832478,0.7220111457940008,0.46679954382874644,0.9578357828480801
Fase_Beta_Activacion,115.54062372195848,0.8157941993022968,0.6037638695315393,0.25978509890345425,0.5521155879537711
Fase_Beta_Activacion,133.81872150022153,0.731303477369864,0.6262922723658542,0.744319645693371,0.7304586929652024
Fase_Beta_Activacion,115.82016458211803,0.6838098926338175,0.6201548320567332,0.8304185023551197,0.6173113589478494
Fase_Beta_Activacion,131.41216667080067,0.7803859002322815,0.5187394966290947,0.5238361735468426,0.6917901652845133
Fase_Beta_Activacion,110.22480454224626,0.617198215085473,0.8234475308288481,0.48412738711350556,0.942410095931715
Fase_Beta_Activacion,133.7783072496694,0.62572967257754,0.8085281388052922,0.16299903419560124,0.514041768151908
Fase_Beta_Activacion,112.18095213151383,0.9123161598571239,0.7287946765033695,0.3954251891759477,0.6512596902736181
Fase_Beta_Activacion,126.21500038562841,0.781675091555065,0.8080558329842623,0.5735359487687529,0.6659075808680684
Fase_Beta_Activacion,139.0809932920526,0.708420136821993,0.7605686958062304,0.7773543562680855,0.9630758663620912
Fase_Beta_Activacion,120.94204709682536,0.8485350550906946,0.5932997919198417,0.35595082458996863,0.8904993581055249
Fase_Beta_Activacion,122.72122952921298,0.6015216263745407,0.6661239923344545,0.733407465238728,0.7710297338749061
Fase_Beta_Activacion,118.49706726145324,0.6637538931705887,0.8246747644614993,0.292901384568822,0.5707467242345237
Fase_Beta_Activacion,118.78727873632067,0.6461869167295495,0.6871608154144004,0.17286596496896794,0.9145939892178582
Fase_Beta_Activacion,125.91151798332797,0.8529469221957318,0.8334177243068404,0.898470726839105,0.5216113465737968
